Date,Week,Opponent,Map,Mode,Player,Kills,Deaths,Assists
25-Feb,1,Q9,Hacienda,HP,Abhiz,45,37,7
25-Feb,1,Q9,Hacienda,HP,Prevail,46,39,13
25-Feb,1,Q9,Hacienda,HP,Skullguy,38,37,18
25-Feb,1,Q9,Hacienda,HP,Viper,48,41,20
25-Feb,1,Q9,Hacienda,HP,Warden,36,41,12
25-Feb,1,Q9,Combine,HP,Abhiz,39,39,28
25-Feb,1,Q9,Combine,HP,Prevail,43,48,16
25-Feb,1,Q9,Combine,HP,Skullguy,31,39,16
25-Feb,1,Q9,Combine,HP,Viper,47,43,17
25-Feb,1,Q9,Combine,HP,Warden,33,44,20
25-Feb,1,Q9,Arsenal,HP,Abhiz,40,31,13
25-Feb,1,Q9,Arsenal,HP,Prevail,30,31,14
25-Feb,1,Q9,Arsenal,HP,Skullguy,28,26,13
25-Feb,1,Q9,Arsenal,HP,Viper,25,32,12
25-Feb,1,Q9,Arsenal,HP,Warden,33,29,16
25-Feb,1,Q9,Takeoff,HP,Abhiz,47,49,35
25-Feb,1,Q9,Takeoff,HP,Prevail,56,53,18
25-Feb,1,Q9,Takeoff,HP,Skullguy,48,46,18
25-Feb,1,Q9,Takeoff,HP,Viper,46,44,23
25-Feb,1,Q9,Takeoff,HP,Warden,39,49,24
24-Feb,1,XROCK,Summit,HP,Abhiz,39,27,22
24-Feb,1,XROCK,Summit,HP,Skullguy,32,27,10
24-Feb,1,XROCK,Summit,HP,Viper,33,32,19
24-Feb,1,XROCK,Summit,HP,Warden,36,28,14
24-Feb,1,XROCK,Combine,HP,Abhiz,24,49,20
24-Feb,1,XROCK,Combine,HP,Skullguy,42,41,26
24-Feb,1,XROCK,Combine,HP,Viper,56,44,19
24-Feb,1,XROCK,Combine,HP,Warden,46,45,9
24-Feb,1,XROCK,Takeoff,HP,Abhiz,40,21,12
24-Feb,1,XROCK,Takeoff,HP,Skullguy,24,26,9
24-Feb,1,XROCK,Takeoff,HP,Viper,62,15,20
24-Feb,1,XROCK,Takeoff,HP,Warden,35,25,16
24-Feb,1,XROCK,Raid,Control,Abhiz,28,30,6
24-Feb,1,XROCK,Raid,Control,Skullguy,22,23,4
24-Feb,1,XROCK,Raid,Control,Viper,23,30,7
24-Feb,1,XROCK,Raid,Control,Warden,30,21,4
24-Feb,1,XROCK,Crossroads Strike,Control,Abhiz,34,19,12
24-Feb,1,XROCK,Crossroads Strike,Control,Skullguy,23,21,0
24-Feb,1,XROCK,Crossroads Strike,Control,Viper,31,20,18
24-Feb,1,XROCK,Crossroads Strike,Control,Warden,32,27,10
26-Feb,1,ALU,Takeoff,HP,Abhiz,40,52,38
26-Feb,1,ALU,Takeoff,HP,Prevail,39,52,15
26-Feb,1,ALU,Takeoff,HP,Skullguy,52,39,21
26-Feb,1,ALU,Takeoff,HP,Viper,41,51,21
26-Feb,1,ALU,Takeoff,HP,Warden,42,52,24
27-Feb,1,XROCK,Hacienda,HP,Abhiz,50,34,19
27-Feb,1,XROCK,Hacienda,HP,Prevail,33,33,13
27-Feb,1,XROCK,Hacienda,HP,Skullguy,47,34,10
27-Feb,1,XROCK,Hacienda,HP,Viper,42,32,17
27-Feb,1,XROCK,Hacienda,HP,Warden,46,42,11
27-Feb,1,XROCK,Summit,HP,Abhiz,30,23,20
27-Feb,1,XROCK,Summit,HP,Prevail,44,26,9
27-Feb,1,XROCK,Summit,HP,Skullguy,32,25,11
27-Feb,1,XROCK,Summit,HP,Viper,37,23,23
27-Feb,1,XROCK,Summit,HP,Warden,39,29,15
27-Feb,1,XROCK,Raid,Control,Abhiz,37,42,9
27-Feb,1,XROCK,Raid,Control,Prevail,41,36,11
27-Feb,1,XROCK,Raid,Control,Skullguy,45,36,3
27-Feb,1,XROCK,Raid,Control,Viper,31,25,8
27-Feb,1,XROCK,Raid,Control,Warden,36,28,6
27-Feb,1,XROCK,Crossroads Strike,Control,Abhiz,31,27,7
27-Feb,1,XROCK,Crossroads Strike,Control,Prevail,32,33,8
27-Feb,1,XROCK,Crossroads Strike,Control,Skullguy,42,19,4
27-Feb,1,XROCK,Crossroads Strike,Control,Viper,37,28,17
27-Feb,1,XROCK,Crossroads Strike,Control,Warden,26,32,12
2-Mar,2,Q9,Combine,HP,Abhiz,44,46,21
2-Mar,2,Q9,Combine,HP,Prevail,47,52,13
2-Mar,2,Q9,Combine,HP,Skullguy,34,45,16
2-Mar,2,Q9,Combine,HP,Viper,58,43,15
2-Mar,2,Q9,Combine,HP,Warden,31,49,23
2-Mar,2,Q9,Arsenal,HP,Abhiz,45,21,13
2-Mar,2,Q9,Arsenal,HP,Prevail,34,28,14
2-Mar,2,Q9,Arsenal,HP,Skullguy,29,27,16
2-Mar,2,Q9,Arsenal,HP,Viper,29,28,19
2-Mar,2,Q9,Arsenal,HP,Warden,23,30,18
2-Mar,2,Q9,Standoff,Control,Abhiz,38,35,16
2-Mar,2,Q9,Standoff,Control,Prevail,31,35,11
2-Mar,2,Q9,Standoff,Control,Skullguy,34,29,5
2-Mar,2,Q9,Standoff,Control,Viper,32,26,12
2-Mar,2,Q9,Standoff,Control,Warden,32,34,13
2-Mar,2,ALU,Takeoff,HP,Abhiz,41,38,22
2-Mar,2,ALU,Takeoff,HP,Prevail,24,46,17
2-Mar,2,ALU,Takeoff,HP,Skullguy,28,35,21
2-Mar,2,ALU,Takeoff,HP,Viper,29,38,14
2-Mar,2,ALU,Takeoff,HP,Warden,44,37,20
2-Mar,2,ALU,Combine,HP,Abhiz,33,46,26
2-Mar,2,ALU,Combine,HP,Prevail,49,41,12
2-Mar,2,ALU,Combine,HP,Skullguy,42,41,25
2-Mar,2,ALU,Combine,HP,Viper,62,38,20
2-Mar,2,ALU,Combine,HP,Warden,48,43,28
2-Mar,2,ALU,Standoff,Control,Abhiz,12,24,9
2-Mar,2,ALU,Standoff,Control,Prevail,21,27,5
2-Mar,2,ALU,Standoff,Control,Skullguy,16,20,3
2-Mar,2,ALU,Standoff,Control,Viper,17,22,7
2-Mar,2,ALU,Standoff,Control,Warden,15,27,11
3-Mar,2,DVS,Hacienda,HP,Abhiz,31,40,13
3-Mar,2,DVS,Hacienda,HP,Prevail,32,42,8
3-Mar,2,DVS,Hacienda,HP,Skullguy,23,38,16
3-Mar,2,DVS,Hacienda,HP,Viper,29,39,15
3-Mar,2,DVS,Hacienda,HP,Warden,19,38,10
3-Mar,2,DVS,Summit,HP,Abhiz,45,26,22
3-Mar,2,DVS,Summit,HP,Prevail,37,32,8
3-Mar,2,DVS,Summit,HP,Skullguy,26,31,16
3-Mar,2,DVS,Summit,HP,Viper,45,26,17
3-Mar,2,DVS,Summit,HP,Warden,35,33,16
3-Mar,2,DVS,Raid,Control,Abhiz,26,30,5
3-Mar,2,DVS,Raid,Control,Prevail,21,30,3
3-Mar,2,DVS,Raid,Control,Skullguy,19,28,1
3-Mar,2,DVS,Raid,Control,Viper,18,26,3
3-Mar,2,DVS,Raid,Control,Warden,16,34,9
3-Mar,2,DVS,Standoff,Control,Abhiz,22,37,3
3-Mar,2,DVS,Standoff,Control,Prevail,22,37,4
3-Mar,2,DVS,Standoff,Control,Skullguy,17,33,4
3-Mar,2,DVS,Standoff,Control,Viper,37,27,7
3-Mar,2,DVS,Standoff,Control,Warden,29,26,2
3-Mar,2,DVS,Crossroads Strike,Control,Abhiz,37,30,9
3-Mar,2,DVS,Crossroads Strike,Control,Prevail,34,32,10
3-Mar,2,DVS,Crossroads Strike,Control,Skullguy,29,32,3
3-Mar,2,DVS,Crossroads Strike,Control,Viper,34,28,11
3-Mar,2,DVS,Crossroads Strike,Control,Warden,21,43,14
3-Mar,2,DVS,Slums,SnD,Abhiz,9,12,2
3-Mar,2,DVS,Slums,SnD,Prevail,8,13,4
3-Mar,2,DVS,Slums,SnD,Skullguy,11,13,2
3-Mar,2,DVS,Slums,SnD,Viper,11,12,7
3-Mar,2,DVS,Slums,SnD,Warden,8,13,2
5-Mar,2,Q9,Crossroads Strike,Control,Abhiz,39,32,10
5-Mar,2,Q9,Crossroads Strike,Control,Prevail,43,40,16
5-Mar,2,Q9,Crossroads Strike,Control,Skullguy,29,33,3
5-Mar,2,Q9,Crossroads Strike,Control,Viper,36,39,14
5-Mar,2,Q9,Crossroads Strike,Control,Warden,42,35,19
5-Mar,2,Q9,Standoff,Control,Abhiz,36,30,11
5-Mar,2,Q9,Standoff,Control,Prevail,24,36,13
5-Mar,2,Q9,Standoff,Control,Skullguy,23,32,4
5-Mar,2,Q9,Standoff,Control,Viper,30,32,4
5-Mar,2,Q9,Standoff,Control,Warden,28,37,3
6-Mar,2,T2P,Crossroads Strike,Control,Abhiz,38,27,8
6-Mar,2,T2P,Crossroads Strike,Control,Prevail,46,38,9
6-Mar,2,T2P,Crossroads Strike,Control,Skullguy,35,28,9
6-Mar,2,T2P,Crossroads Strike,Control,Viper,39,31,17
6-Mar,2,T2P,Crossroads Strike,Control,Warden,42,36,9
7-Mar,2,Wolves,Summit,HP,Abhiz,38,32,19
7-Mar,2,Wolves,Summit,HP,Prevail,32,30,11
7-Mar,2,Wolves,Summit,HP,Skullguy,35,30,10
7-Mar,2,Wolves,Summit,HP,Viper,40,28,19
7-Mar,2,Wolves,Summit,HP,Warden,36,29,16
7-Mar,2,Wolves,Hacienda,HP,Abhiz,40,25,10
7-Mar,2,Wolves,Hacienda,HP,Prevail,33,28,10
7-Mar,2,Wolves,Hacienda,HP,Skullguy,29,26,15
7-Mar,2,Wolves,Hacienda,HP,Viper,41,28,17
7-Mar,2,Wolves,Hacienda,HP,Warden,36,32,14
7-Mar,2,Wolves,Raid,Control,Abhiz,47,29,7
7-Mar,2,Wolves,Raid,Control,Prevail,40,39,7
7-Mar,2,Wolves,Raid,Control,Skullguy,28,34,3
7-Mar,2,Wolves,Raid,Control,Viper,37,40,9
7-Mar,2,Wolves,Raid,Control,Warden,38,41,16
7-Mar,2,Wolves,Crossroads Strike,Control,Abhiz,49,31,2
7-Mar,2,Wolves,Crossroads Strike,Control,Prevail,30,38,6
7-Mar,2,Wolves,Crossroads Strike,Control,Skullguy,32,34,14
7-Mar,2,Wolves,Crossroads Strike,Control,Viper,41,36,18
7-Mar,2,Wolves,Crossroads Strike,Control,Warden,41,33,11
7-Mar,2,Wolves,Standoff,Control,Abhiz,25,29,7
7-Mar,2,Wolves,Standoff,Control,Prevail,37,37,8
7-Mar,2,Wolves,Standoff,Control,Skullguy,26,23,6
7-Mar,2,Wolves,Standoff,Control,Viper,38,28,10
7-Mar,2,Wolves,Standoff,Control,Warden,36,34,4
7-Mar,2,Wolves,Tunisia,SnD,Abhiz,9,8,0
7-Mar,2,Wolves,Tunisia,SnD,Prevail,14,13,1
7-Mar,2,Wolves,Tunisia,SnD,Skullguy,9,9,4
7-Mar,2,Wolves,Tunisia,SnD,Viper,10,10,5
7-Mar,2,Wolves,Tunisia,SnD,Warden,17,12,6
10-Mar,3,OUG,Combine,HP,Abhiz,30,37,6
10-Mar,3,OUG,Combine,HP,Prevail,25,40,11
10-Mar,3,OUG,Combine,HP,Skullguy,28,37,8
10-Mar,3,OUG,Combine,HP,Viper,24,41,16
10-Mar,3,OUG,Combine,HP,Warden,25,42,17
10-Mar,3,OUG,Raid,Control,Abhiz,36,23,8
10-Mar,3,OUG,Raid,Control,Prevail,24,31,9
10-Mar,3,OUG,Raid,Control,Skullguy,16,33,8
10-Mar,3,OUG,Raid,Control,Viper,18,26,10
10-Mar,3,OUG,Raid,Control,Warden,30,29,11
14-Mar,3,Q9,Arsenal,HP,Abhiz,38,29,15
14-Mar,3,Q9,Arsenal,HP,Prevail,23,28,10
14-Mar,3,Q9,Arsenal,HP,Skullguy,25,26,16
14-Mar,3,Q9,Arsenal,HP,Viper,38,25,18
14-Mar,3,Q9,Arsenal,HP,Warden,26,28,17
14-Mar,3,Q9,Hacienda,HP,Abhiz,54,37,30
14-Mar,3,Q9,Hacienda,HP,Prevail,40,43,11
14-Mar,3,Q9,Hacienda,HP,Skullguy,45,35,27
14-Mar,3,Q9,Hacienda,HP,Viper,42,44,15
14-Mar,3,Q9,Hacienda,HP,Warden,30,46,13
14-Mar,3,Q9,Crossroads Strike,Control,Abhiz,28,28,9
14-Mar,3,Q9,Crossroads Strike,Control,Prevail,29,33,9
14-Mar,3,Q9,Crossroads Strike,Control,Skullguy,22,29,12
14-Mar,3,Q9,Crossroads Strike,Control,Viper,32,29,9
14-Mar,3,Q9,Crossroads Strike,Control,Warden,35,36,8
14-Mar,3,Q9,Raid,Control,Abhiz,33,36,9
14-Mar,3,Q9,Raid,Control,Prevail,33,37,7
14-Mar,3,Q9,Raid,Control,Skullguy,26,30,6
14-Mar,3,Q9,Raid,Control,Viper,26,30,9
14-Mar,3,Q9,Raid,Control,Warden,28,38,6
14-Mar,3,Q9,Slums,SnD,Abhiz,4,13,2
14-Mar,3,Q9,Slums,SnD,Prevail,12,13,1
14-Mar,3,Q9,Slums,SnD,Skullguy,11,11,5
14-Mar,3,Q9,Slums,SnD,Viper,7,11,2
14-Mar,3,Q9,Slums,SnD,Warden,13,10,2
16-Mar,4,XROCK,Hacienda,HP,Abhiz,31,18,4
16-Mar,4,XROCK,Hacienda,HP,Prevail,29,20,14
16-Mar,4,XROCK,Hacienda,HP,Skullguy,22,20,17
16-Mar,4,XROCK,Hacienda,HP,Viper,30,22,12
16-Mar,4,XROCK,Hacienda,HP,Warden,37,20,18
16-Mar,4,XROCK,Summit,HP,Abhiz,36,30,17
16-Mar,4,XROCK,Summit,HP,Prevail,36,37,9
16-Mar,4,XROCK,Summit,HP,Skullguy,32,38,17
16-Mar,4,XROCK,Summit,HP,Viper,37,33,19
16-Mar,4,XROCK,Summit,HP,Warden,40,40,21
16-Mar,4,XROCK,Standoff,Control,Abhiz,25,17,2
16-Mar,4,XROCK,Standoff,Control,Prevail,30,19,5
16-Mar,4,XROCK,Standoff,Control,Skullguy,22,14,6
16-Mar,4,XROCK,Standoff,Control,Viper,29,15,9
16-Mar,4,XROCK,Standoff,Control,Warden,13,17,4
16-Mar,4,XROCK,Crossroads Strike,Control,Abhiz,34,30,7
16-Mar,4,XROCK,Crossroads Strike,Control,Prevail,44,36,6
16-Mar,4,XROCK,Crossroads Strike,Control,Skullguy,21,34,3
16-Mar,4,XROCK,Crossroads Strike,Control,Viper,31,35,9
16-Mar,4,XROCK,Crossroads Strike,Control,Warden,41,35,12
16-Mar,4,ELV,Hacienda,HP,Abhiz,42,39,21
16-Mar,4,ELV,Hacienda,HP,Prevail,41,45,18
16-Mar,4,ELV,Hacienda,HP,Skullguy,41,38,20
16-Mar,4,ELV,Hacienda,HP,Viper,46,40,10
16-Mar,4,ELV,Hacienda,HP,Warden,43,38,12
16-Mar,4,ELV,Combine,HP,Abhiz,40,44,26
16-Mar,4,ELV,Combine,HP,Prevail,40,49,14
16-Mar,4,ELV,Combine,HP,Skullguy,41,42,17
16-Mar,4,ELV,Combine,HP,Viper,46,48,19
16-Mar,4,ELV,Combine,HP,Warden,45,43,21
16-Mar,4,ELV,Arsenal,HP,Abhiz,19,37,12
16-Mar,4,ELV,Arsenal,HP,Prevail,35,31,12
16-Mar,4,ELV,Arsenal,HP,Skullguy,29,31,14
16-Mar,4,ELV,Arsenal,HP,Viper,32,34,12
16-Mar,4,ELV,Arsenal,HP,Warden,19,41,6
16-Mar,4,ELV,Takeoff,HP,Abhiz,48,42,15
16-Mar,4,ELV,Takeoff,HP,Prevail,52,55,23
16-Mar,4,ELV,Takeoff,HP,Skullguy,33,48,27
16-Mar,4,ELV,Takeoff,HP,Viper,45,46,22
16-Mar,4,ELV,Takeoff,HP,Warden,42,49,17
16-Mar,4,ELV,Crossroads Strike,Control,Abhiz,31,25,2
16-Mar,4,ELV,Crossroads Strike,Control,Prevail,20,25,10
16-Mar,4,ELV,Crossroads Strike,Control,Skullguy,17,19,1
16-Mar,4,ELV,Crossroads Strike,Control,Viper,22,25,6
16-Mar,4,ELV,Crossroads Strike,Control,Warden,17,26,8
16-Mar,4,ELV,Standoff,Control,Abhiz,28,14,8
16-Mar,4,ELV,Standoff,Control,Prevail,30,19,8
16-Mar,4,ELV,Standoff,Control,Skullguy,17,16,4
16-Mar,4,ELV,Standoff,Control,Viper,22,18,8
16-Mar,4,ELV,Standoff,Control,Warden,22,19,5
16-Mar,4,ELV,Raid,Control,Abhiz,35,38,7
16-Mar,4,ELV,Raid,Control,Prevail,42,41,9
16-Mar,4,ELV,Raid,Control,Skullguy,26,40,7
16-Mar,4,ELV,Raid,Control,Viper,28,38,9
16-Mar,4,ELV,Raid,Control,Warden,36,28,9
16-Mar,4,ELV,Tunisia,SnD,Abhiz,8,12,5
16-Mar,4,ELV,Tunisia,SnD,Prevail,14,12,3
16-Mar,4,ELV,Tunisia,SnD,Skullguy,11,11,3
16-Mar,4,ELV,Tunisia,SnD,Viper,12,12,4
16-Mar,4,ELV,Tunisia,SnD,Warden,10,11,4
17-Mar,4,HF,Hacienda,HP,Abhiz,43,22,18
17-Mar,4,HF,Hacienda,HP,Prevail,28,31,15
17-Mar,4,HF,Hacienda,HP,Skullguy,24,26,12
17-Mar,4,HF,Hacienda,HP,Viper,41,24,8
17-Mar,4,HF,Hacienda,HP,Warden,27,25,12
17-Mar,4,HF,Combine,HP,Abhiz,30,29,13
17-Mar,4,HF,Combine,HP,Prevail,38,32,15
17-Mar,4,HF,Combine,HP,Skullguy,29,24,13
17-Mar,4,HF,Combine,HP,Viper,43,27,12
17-Mar,4,HF,Combine,HP,Warden,39,29,16
17-Mar,4,HF,Summit,HP,Abhiz,37,27,16
17-Mar,4,HF,Summit,HP,Prevail,22,38,18
17-Mar,4,HF,Summit,HP,Skullguy,44,26,12
17-Mar,4,HF,Summit,HP,Viper,39,30,15
17-Mar,4,HF,Summit,HP,Warden,32,29,14
17-Mar,4,HF,Standoff,Control,Abhiz,31,26,5
17-Mar,4,HF,Standoff,Control,Prevail,27,32,3
17-Mar,4,HF,Standoff,Control,Skullguy,18,26,6
17-Mar,4,HF,Standoff,Control,Viper,27,30,2
17-Mar,4,HF,Standoff,Control,Warden,23,25,10
17-Mar,4,HF,Raid,Control,Abhiz,30,29,9
17-Mar,4,HF,Raid,Control,Prevail,40,31,5
17-Mar,4,HF,Raid,Control,Skullguy,28,27,5
17-Mar,4,HF,Raid,Control,Viper,37,27,14
17-Mar,4,HF,Raid,Control,Warden,30,28,6
17-Mar,4,HF,Coastal,SnD,Abhiz,15,10,3
17-Mar,4,HF,Coastal,SnD,Prevail,4,14,3
17-Mar,4,HF,Coastal,SnD,Skullguy,10,11,2
17-Mar,4,HF,Coastal,SnD,Viper,14,8,3
17-Mar,4,HF,Coastal,SnD,Warden,18,10,4
17-Mar,4,GAL,Arsenal,HP,Abhiz,37,27,17
17-Mar,4,GAL,Arsenal,HP,Prevail,41,34,10
17-Mar,4,GAL,Arsenal,HP,Skullguy,33,25,16
17-Mar,4,GAL,Arsenal,HP,Viper,40,27,19
17-Mar,4,GAL,Arsenal,HP,Warden,27,32,16
17-Mar,4,GAL,Takeoff,HP,Abhiz,40,43,16
17-Mar,4,GAL,Takeoff,HP,Prevail,49,44,20
17-Mar,4,GAL,Takeoff,HP,Skullguy,41,40,16
17-Mar,4,GAL,Takeoff,HP,Viper,39,44,19
17-Mar,4,GAL,Takeoff,HP,Warden,36,49,17
17-Mar,4,GAL,Combine,HP,Abhiz,31,24,16
17-Mar,4,GAL,Combine,HP,Prevail,35,26,15
17-Mar,4,GAL,Combine,HP,Skullguy,37,19,12
17-Mar,4,GAL,Combine,HP,Viper,39,25,17
17-Mar,4,GAL,Combine,HP,Warden,39,25,20
17-Mar,4,GAL,Crossroads Strike,Control,Abhiz,19,31,5
17-Mar,4,GAL,Crossroads Strike,Control,Prevail,25,27,11
17-Mar,4,GAL,Crossroads Strike,Control,Skullguy,20,27,3
17-Mar,4,GAL,Crossroads Strike,Control,Viper,22,28,10
17-Mar,4,GAL,Crossroads Strike,Control,Warden,29,24,7
17-Mar,4,GAL,Raid,Control,Abhiz,40,31,7
17-Mar,4,GAL,Raid,Control,Prevail,34,37,8
17-Mar,4,GAL,Raid,Control,Skullguy,27,38,4
17-Mar,4,GAL,Raid,Control,Viper,33,42,12
17-Mar,4,GAL,Raid,Control,Warden,35,38,10
17-Mar,4,GAL,Tunisia,SnD,Abhiz,14,13,2
17-Mar,4,GAL,Tunisia,SnD,Prevail,16,13,1
17-Mar,4,GAL,Tunisia,SnD,Skullguy,11,12,3
17-Mar,4,GAL,Tunisia,SnD,Viper,10,11,4
17-Mar,4,GAL,Tunisia,SnD,Warden,10,13,5
17-Mar,4,GAL,Slums,SnD,Abhiz,10,16,4
17-Mar,4,GAL,Slums,SnD,Prevail,13,13,4
17-Mar,4,GAL,Slums,SnD,Skullguy,17,10,2
17-Mar,4,GAL,Slums,SnD,Viper,14,12,3
17-Mar,4,GAL,Slums,SnD,Warden,13,13,6
18-Mar,4,ELV,Summit,HP,Abhiz,37,42,23
18-Mar,4,ELV,Summit,HP,Prevail,51,44,9
18-Mar,4,ELV,Summit,HP,Skullguy,34,47,23
18-Mar,4,ELV,Summit,HP,Viper,48,45,18
18-Mar,4,ELV,Summit,HP,Warden,34,43,16
18-Mar,4,ELV,Hacienda,HP,Abhiz,26,49,17
18-Mar,4,ELV,Hacienda,HP,Prevail,50,45,20
18-Mar,4,ELV,Hacienda,HP,Skullguy,33,44,21
18-Mar,4,ELV,Hacienda,HP,Viper,53,45,13
18-Mar,4,ELV,Hacienda,HP,Warden,45,44,14
18-Mar,4,ELV,Raid,Control,Abhiz,33,20,3
18-Mar,4,ELV,Raid,Control,Prevail,39,24,9
18-Mar,4,ELV,Raid,Control,Skullguy,20,22,4
18-Mar,4,ELV,Raid,Control,Viper,30,25,13
18-Mar,4,ELV,Raid,Control,Warden,21,22,7
18-Mar,4,ELV,Crossroads Strike,Control,Abhiz,30,28,9
18-Mar,4,ELV,Crossroads Strike,Control,Prevail,25,39,7
18-Mar,4,ELV,Crossroads Strike,Control,Skullguy,37,22,5
18-Mar,4,ELV,Crossroads Strike,Control,Viper,30,35,10
18-Mar,4,ELV,Crossroads Strike,Control,Warden,45,26,6
18-Mar,4,ELV,Standoff,Control,Abhiz,20,26,12
18-Mar,4,ELV,Standoff,Control,Prevail,36,25,9
18-Mar,4,ELV,Standoff,Control,Skullguy,24,20,6
18-Mar,4,ELV,Standoff,Control,Viper,42,16,9
18-Mar,4,ELV,Standoff,Control,Warden,21,26,10
18-Mar,4,ELV,Tunisia,SnD,Abhiz,4,3,1
18-Mar,4,ELV,Tunisia,SnD,Prevail,12,4,3
18-Mar,4,ELV,Tunisia,SnD,Skullguy,6,2,2
18-Mar,4,ELV,Tunisia,SnD,Viper,7,6,1
18-Mar,4,ELV,Tunisia,SnD,Warden,7,2,2
18-Mar,4,ELV,Firing Range,SnD,Abhiz,7,9,2
18-Mar,4,ELV,Firing Range,SnD,Prevail,8,10,2
18-Mar,4,ELV,Firing Range,SnD,Skullguy,14,9,3
18-Mar,4,ELV,Firing Range,SnD,Viper,10,7,5
18-Mar,4,ELV,Firing Range,SnD,Warden,6,9,2
18-Mar,4,TSM,Crossroads Strike,Control,Abhiz,38,27,7
18-Mar,4,TSM,Crossroads Strike,Control,Prevail,30,36,12
18-Mar,4,TSM,Crossroads Strike,Control,Skullguy,30,35,5
18-Mar,4,TSM,Crossroads Strike,Control,Viper,40,38,9
18-Mar,4,TSM,Crossroads Strike,Control,Warden,37,28,5
18-Mar,4,TSM,Standoff,Control,Abhiz,19,15,5
18-Mar,4,TSM,Standoff,Control,Prevail,25,15,10
18-Mar,4,TSM,Standoff,Control,Skullguy,16,14,3
18-Mar,4,TSM,Standoff,Control,Viper,31,13,6
18-Mar,4,TSM,Standoff,Control,Warden,28,18,6
19-Mar,4,Q9,Arsenal,HP,Abhiz,36,35,13
19-Mar,4,Q9,Arsenal,HP,Prevail,41,38,21
19-Mar,4,Q9,Arsenal,HP,Skullguy,33,36,18
19-Mar,4,Q9,Arsenal,HP,Viper,40,39,18
19-Mar,4,Q9,Arsenal,HP,Warden,30,47,15
19-Mar,4,Q9,Summit,HP,Abhiz,45,39,11
19-Mar,4,Q9,Summit,HP,Prevail,46,41,22
19-Mar,4,Q9,Summit,HP,Skullguy,42,34,18
19-Mar,4,Q9,Summit,HP,Viper,52,40,13
19-Mar,4,Q9,Summit,HP,Warden,33,43,21
19-Mar,4,Q9,Standoff,Control,Abhiz,22,24,2
19-Mar,4,Q9,Standoff,Control,Prevail,35,28,6
19-Mar,4,Q9,Standoff,Control,Skullguy,23,17,5
19-Mar,4,Q9,Standoff,Control,Viper,27,24,6
19-Mar,4,Q9,Standoff,Control,Warden,31,20,8
19-Mar,4,Q9,Crossroads Strike,Control,Abhiz,36,37,10
19-Mar,4,Q9,Crossroads Strike,Control,Prevail,46,40,10
19-Mar,4,Q9,Crossroads Strike,Control,Skullguy,44,29,6
19-Mar,4,Q9,Crossroads Strike,Control,Viper,31,38,12
19-Mar,4,Q9,Crossroads Strike,Control,Warden,37,40,14
19-Mar,4,Q9,Tunisia,SnD,Abhiz,6,11,8
19-Mar,4,Q9,Tunisia,SnD,Prevail,5,12,4
19-Mar,4,Q9,Tunisia,SnD,Skullguy,16,9,0
19-Mar,4,Q9,Tunisia,SnD,Viper,18,10,3
19-Mar,4,Q9,Tunisia,SnD,Warden,5,11,6
19-Mar,4,Q9,Meltdown,SnD,Abhiz,9,13,1
19-Mar,4,Q9,Meltdown,SnD,Prevail,11,13,1
19-Mar,4,Q9,Meltdown,SnD,Skullguy,8,12,1
19-Mar,4,Q9,Meltdown,SnD,Viper,12,10,5
19-Mar,4,Q9,Meltdown,SnD,Warden,8,10,5
21-Mar,4,ALU,Summit,HP,Abhiz,27,38,24
21-Mar,4,ALU,Summit,HP,Prevail,43,41,9
21-Mar,4,ALU,Summit,HP,Skullguy,43,34,17
21-Mar,4,ALU,Summit,HP,Viper,50,34,18
21-Mar,4,ALU,Summit,HP,Warden,32,44,17
23-Mar,5,DVS,Hacienda,HP,Abhiz,39,28,20
23-Mar,5,DVS,Hacienda,HP,Prevail,37,31,21
23-Mar,5,DVS,Hacienda,HP,Skullguy,37,27,18
23-Mar,5,DVS,Hacienda,HP,Viper,48,33,22
23-Mar,5,DVS,Hacienda,HP,Warden,34,30,20
23-Mar,5,DVS,Arsenal,HP,Abhiz,26,32,17
23-Mar,5,DVS,Arsenal,HP,Prevail,49,38,15
23-Mar,5,DVS,Arsenal,HP,Skullguy,36,34,18
23-Mar,5,DVS,Arsenal,HP,Viper,38,32,17
23-Mar,5,DVS,Arsenal,HP,Warden,34,37,18
23-Mar,5,DVS,Raid,Control,Abhiz,27,32,5
23-Mar,5,DVS,Raid,Control,Prevail,42,37,6
23-Mar,5,DVS,Raid,Control,Skullguy,24,37,6
23-Mar,5,DVS,Raid,Control,Viper,29,29,4
23-Mar,5,DVS,Raid,Control,Warden,28,29,9
23-Mar,5,DVS,Crossroads Strike,Control,Abhiz,32,23,11
23-Mar,5,DVS,Crossroads Strike,Control,Prevail,25,23,9
23-Mar,5,DVS,Crossroads Strike,Control,Skullguy,25,21,10
23-Mar,5,DVS,Crossroads Strike,Control,Viper,33,22,9
23-Mar,5,DVS,Crossroads Strike,Control,Warden,26,22,10
23-Mar,5,DVS,Firing Range,SnD,Abhiz,13,7,4
23-Mar,5,DVS,Firing Range,SnD,Prevail,14,12,6
23-Mar,5,DVS,Firing Range,SnD,Skullguy,15,8,0
23-Mar,5,DVS,Firing Range,SnD,Viper,9,10,3
23-Mar,5,DVS,Firing Range,SnD,Warden,9,11,4
23-Mar,5,DVS,Slums,SnD,Abhiz,14,11,2
23-Mar,5,DVS,Slums,SnD,Prevail,8,13,0
23-Mar,5,DVS,Slums,SnD,Skullguy,8,10,12
23-Mar,5,DVS,Slums,SnD,Viper,7,12,5
23-Mar,5,DVS,Slums,SnD,Warden,8,12,7
23-Mar,5,ALU,Tunisia,SnD,Abhiz,9,11,2
23-Mar,5,ALU,Tunisia,SnD,Prevail,17,14,4
23-Mar,5,ALU,Tunisia,SnD,Skullguy,12,8,3
23-Mar,5,ALU,Tunisia,SnD,Viper,10,11,2
23-Mar,5,ALU,Tunisia,SnD,Warden,13,11,4
23-Mar,5,ALU,Meltdown,SnD,Abhiz,18,10,2
23-Mar,5,ALU,Meltdown,SnD,Prevail,14,13,3
23-Mar,5,ALU,Meltdown,SnD,Skullguy,11,12,2
23-Mar,5,ALU,Meltdown,SnD,Viper,11,12,2
23-Mar,5,ALU,Meltdown,SnD,Warden,6,14,3
23-Mar,5,ALU,Arsenal,HP,Abhiz,24,34,13
23-Mar,5,ALU,Arsenal,HP,Prevail,39,35,17
23-Mar,5,ALU,Arsenal,HP,Skullguy,27,38,19
23-Mar,5,ALU,Arsenal,HP,Viper,41,32,12
23-Mar,5,ALU,Arsenal,HP,Warden,36,32,15
23-Mar,5,ALU,Hacienda,HP,Abhiz,34,33,11
23-Mar,5,ALU,Hacienda,HP,Prevail,26,34,14
23-Mar,5,ALU,Hacienda,HP,Skullguy,33,30,17
23-Mar,5,ALU,Hacienda,HP,Viper,28,39,8
23-Mar,5,ALU,Hacienda,HP,Warden,24,33,16
23-Mar,5,ALU,Crossroads Strike,Control,Abhiz,48,31,5
23-Mar,5,ALU,Crossroads Strike,Control,Prevail,33,39,13
23-Mar,5,ALU,Crossroads Strike,Control,Skullguy,47,30,13
23-Mar,5,ALU,Crossroads Strike,Control,Viper,29,36,9
23-Mar,5,ALU,Crossroads Strike,Control,Warden,27,43,13
24-Mar,5,Q9,Arsenal,HP,Abhiz,29,31,15
24-Mar,5,Q9,Arsenal,HP,Prevail,28,35,9
24-Mar,5,Q9,Arsenal,HP,Skullguy,15,32,15
24-Mar,5,Q9,Arsenal,HP,Viper,38,28,9
24-Mar,5,Q9,Arsenal,HP,Warden,31,34,12
24-Mar,5,Q9,Hacienda,HP,Abhiz,39,38,16
24-Mar,5,Q9,Hacienda,HP,Prevail,45,44,15
24-Mar,5,Q9,Hacienda,HP,Skullguy,56,40,21
24-Mar,5,Q9,Hacienda,HP,Viper,61,42,16
24-Mar,5,Q9,Hacienda,HP,Warden,34,54,26
24-Mar,5,Q9,Crossroads Strike,Control,Abhiz,10,24,4
24-Mar,5,Q9,Crossroads Strike,Control,Prevail,15,27,7
24-Mar,5,Q9,Crossroads Strike,Control,Skullguy,22,22,5
24-Mar,5,Q9,Crossroads Strike,Control,Viper,21,21,6
24-Mar,5,Q9,Crossroads Strike,Control,Warden,11,26,5
24-Mar,5,Q9,Raid,Control,Abhiz,34,23,2
24-Mar,5,Q9,Raid,Control,Prevail,26,27,10
24-Mar,5,Q9,Raid,Control,Skullguy,21,22,2
24-Mar,5,Q9,Raid,Control,Viper,30,21,9
24-Mar,5,Q9,Raid,Control,Warden,28,32,10
24-Mar,5,Q9,Meltdown,SnD,Abhiz,10,11,13
24-Mar,5,Q9,Meltdown,SnD,Prevail,17,12,2
24-Mar,5,Q9,Meltdown,SnD,Skullguy,10,14,4
24-Mar,5,Q9,Meltdown,SnD,Viper,19,13,2
24-Mar,5,Q9,Meltdown,SnD,Warden,9,13,5
24-Mar,5,Q9,Slums,SnD,Abhiz,6,13,5
24-Mar,5,Q9,Slums,SnD,Prevail,12,15,4
24-Mar,5,Q9,Slums,SnD,Skullguy,12,13,0
24-Mar,5,Q9,Slums,SnD,Viper,17,11,2
24-Mar,5,Q9,Slums,SnD,Warden,8,14,7
24-Mar,5,ELV,Arsenal,HP,Abhiz,38,32,19
24-Mar,5,ELV,Arsenal,HP,Prevail,36,33,13
24-Mar,5,ELV,Arsenal,HP,Skullguy,29,33,18
24-Mar,5,ELV,Arsenal,HP,Viper,33,29,11
24-Mar,5,ELV,Arsenal,HP,Warden,28,31,10
24-Mar,5,ELV,Hacienda,HP,Abhiz,44,35,28
24-Mar,5,ELV,Hacienda,HP,Prevail,46,41,18
24-Mar,5,ELV,Hacienda,HP,Skullguy,42,39,16
24-Mar,5,ELV,Hacienda,HP,Viper,53,35,19
24-Mar,5,ELV,Hacienda,HP,Warden,39,43,18
24-Mar,5,ELV,Slums,SnD,Abhiz,6,10,2
24-Mar,5,ELV,Slums,SnD,Prevail,8,9,1
24-Mar,5,ELV,Slums,SnD,Skullguy,7,9,1
24-Mar,5,ELV,Slums,SnD,Viper,4,9,2
24-Mar,5,ELV,Slums,SnD,Warden,5,8,1
24-Mar,5,ELV,Tunisia,SnD,Abhiz,10,9,4
24-Mar,5,ELV,Tunisia,SnD,Prevail,5,11,3
24-Mar,5,ELV,Tunisia,SnD,Skullguy,16,9,1
24-Mar,5,ELV,Tunisia,SnD,Viper,7,9,2
24-Mar,5,ELV,Tunisia,SnD,Warden,7,9,2
24-Mar,5,ELV,Raid,Control,Abhiz,30,28,9
24-Mar,5,ELV,Raid,Control,Prevail,34,40,9
24-Mar,5,ELV,Raid,Control,Skullguy,36,25,6
24-Mar,5,ELV,Raid,Control,Viper,40,24,11
24-Mar,5,ELV,Raid,Control,Warden,28,33,8
24-Mar,5,ELV,Standoff,Control,Abhiz,15,26,6
24-Mar,5,ELV,Standoff,Control,Prevail,22,21,6
24-Mar,5,ELV,Standoff,Control,Skullguy,12,21,1
24-Mar,5,ELV,Standoff,Control,Viper,15,24,6
24-Mar,5,ELV,Standoff,Control,Warden,18,28,5
25-Mar,5,DVS,Combine,HP,Abhiz,32,46,20
25-Mar,5,DVS,Combine,HP,Prevail,43,47,6
25-Mar,5,DVS,Combine,HP,Skullguy,44,38,15
25-Mar,5,DVS,Combine,HP,Viper,44,42,13
25-Mar,5,DVS,Combine,HP,Warden,36,47,22
25-Mar,5,DVS,Arsenal,HP,Abhiz,39,29,13
25-Mar,5,DVS,Arsenal,HP,Prevail,33,33,14
25-Mar,5,DVS,Arsenal,HP,Skullguy,31,28,15
25-Mar,5,DVS,Arsenal,HP,Viper,31,34,14
25-Mar,5,DVS,Arsenal,HP,Warden,30,30,11
25-Mar,5,DVS,Hacienda,HP,Abhiz,43,46,17
25-Mar,5,DVS,Hacienda,HP,Prevail,49,47,11
25-Mar,5,DVS,Hacienda,HP,Skullguy,37,46,17
25-Mar,5,DVS,Hacienda,HP,Viper,51,39,14
25-Mar,5,DVS,Hacienda,HP,Warden,39,40,17
25-Mar,5,DVS,Raid,Control,Abhiz,25,23,4
25-Mar,5,DVS,Raid,Control,Prevail,40,31,9
25-Mar,5,DVS,Raid,Control,Skullguy,21,26,4
25-Mar,5,DVS,Raid,Control,Viper,30,25,8
25-Mar,5,DVS,Raid,Control,Warden,21,31,12
25-Mar,5,DVS,Crossroads Strike,Control,Abhiz,32,24,8
25-Mar,5,DVS,Crossroads Strike,Control,Prevail,32,29,12
25-Mar,5,DVS,Crossroads Strike,Control,Skullguy,22,22,8
25-Mar,5,DVS,Crossroads Strike,Control,Viper,42,21,6
25-Mar,5,DVS,Crossroads Strike,Control,Warden,42,21,7
25-Mar,5,DVS,Tunisia,SnD,Abhiz,7,7,3
25-Mar,5,DVS,Tunisia,SnD,Prevail,11,8,4
25-Mar,5,DVS,Tunisia,SnD,Skullguy,14,6,2
25-Mar,5,DVS,Tunisia,SnD,Viper,6,7,6
25-Mar,5,DVS,Tunisia,SnD,Warden,12,7,3
25-Mar,5,ALU,Arsenal,HP,Abhiz,30,36,16
25-Mar,5,ALU,Arsenal,HP,Prevail,40,37,16
25-Mar,5,ALU,Arsenal,HP,Skullguy,35,35,13
25-Mar,5,ALU,Arsenal,HP,Viper,36,37,15
25-Mar,5,ALU,Arsenal,HP,Warden,27,32,13
25-Mar,5,ALU,Hacienda,HP,Abhiz,35,34,21
25-Mar,5,ALU,Hacienda,HP,Prevail,42,33,21
25-Mar,5,ALU,Hacienda,HP,Skullguy,35,24,18
25-Mar,5,ALU,Hacienda,HP,Viper,53,27,9
25-Mar,5,ALU,Hacienda,HP,Warden,44,32,17
25-Mar,5,ALU,Crossroads Strike,Control,Abhiz,29,33,7
25-Mar,5,ALU,Crossroads Strike,Control,Prevail,50,37,10
25-Mar,5,ALU,Crossroads Strike,Control,Skullguy,26,37,6
25-Mar,5,ALU,Crossroads Strike,Control,Viper,30,33,10
25-Mar,5,ALU,Crossroads Strike,Control,Warden,28,39,7
25-Mar,5,ALU,Firing Range,SnD,Abhiz,11,13,4
25-Mar,5,ALU,Firing Range,SnD,Prevail,9,14,4
25-Mar,5,ALU,Firing Range,SnD,Skullguy,13,11,5
25-Mar,5,ALU,Firing Range,SnD,Viper,16,10,4
25-Mar,5,ALU,Firing Range,SnD,Warden,11,11,2
25-Mar,5,ALU,Coastal,SnD,Abhiz,9,11,1
25-Mar,5,ALU,Coastal,SnD,Prevail,8,12,2
25-Mar,5,ALU,Coastal,SnD,Skullguy,9,13,4
25-Mar,5,ALU,Coastal,SnD,Viper,16,11,4
25-Mar,5,ALU,Coastal,SnD,Warden,12,11,6
25-Mar,5,ALU,Summit,HP,Abhiz,42,44,20
25-Mar,5,ALU,Summit,HP,Prevail,43,48,13
25-Mar,5,ALU,Summit,HP,Skullguy,35,45,10
25-Mar,5,ALU,Summit,HP,Viper,40,43,21
25-Mar,5,ALU,Summit,HP,Warden,54,44,18
25-Mar,5,ALU,Raid,Control,Abhiz,35,24,3
25-Mar,5,ALU,Raid,Control,Prevail,36,26,8
25-Mar,5,ALU,Raid,Control,Skullguy,28,24,2
25-Mar,5,ALU,Raid,Control,Viper,36,31,7
25-Mar,5,ALU,Raid,Control,Warden,29,31,12
26-Mar,5,OUG,Arsenal,HP,Abhiz,26,28,12
26-Mar,5,OUG,Arsenal,HP,Prevail,21,30,4
26-Mar,5,OUG,Arsenal,HP,Skullguy,17,31,8
26-Mar,5,OUG,Arsenal,HP,Viper,9,34,10
26-Mar,5,OUG,Arsenal,HP,Warden,18,24,9
26-Mar,5,OUG,Raid,Control,Abhiz,31,22,7
26-Mar,5,OUG,Raid,Control,Prevail,43,32,9
26-Mar,5,OUG,Raid,Control,Skullguy,23,28,14
26-Mar,5,OUG,Raid,Control,Viper,23,26,9
26-Mar,5,OUG,Raid,Control,Warden,35,31,12
26-Mar,5,ALU,Hacienda,HP,Abhiz,62,36,28
26-Mar,5,ALU,Hacienda,HP,Prevail,38,50,19
26-Mar,5,ALU,Hacienda,HP,Skullguy,40,45,18
26-Mar,5,ALU,Hacienda,HP,Viper,51,47,17
26-Mar,5,ALU,Hacienda,HP,Warden,51,48,23
26-Mar,5,ALU,Standoff,Control,Abhiz,26,30,9
26-Mar,5,ALU,Standoff,Control,Prevail,31,31,5
26-Mar,5,ALU,Standoff,Control,Skullguy,31,21,0
26-Mar,5,ALU,Standoff,Control,Viper,37,23,7
26-Mar,5,ALU,Standoff,Control,Warden,33,25,6
31-Mar,6,OUG,Hacienda,HP,Abhiz,30,45,16
31-Mar,6,OUG,Hacienda,HP,Prevail,44,44,15
31-Mar,6,OUG,Hacienda,HP,Skullguy,34,44,14
31-Mar,6,OUG,Hacienda,HP,Viper,56,42,12
31-Mar,6,OUG,Hacienda,HP,Warden,39,45,20
31-Mar,6,OUG,Arsenal,HP,Abhiz,32,39,18
31-Mar,6,OUG,Arsenal,HP,Prevail,39,43,14
31-Mar,6,OUG,Arsenal,HP,Skullguy,43,36,17
31-Mar,6,OUG,Arsenal,HP,Viper,45,40,16
31-Mar,6,OUG,Arsenal,HP,Warden,33,41,16
31-Mar,6,OUG,Crossroads Strike,Control,Abhiz,30,16,4
31-Mar,6,OUG,Crossroads Strike,Control,Prevail,29,27,7
31-Mar,6,OUG,Crossroads Strike,Control,Skullguy,14,18,7
31-Mar,6,OUG,Crossroads Strike,Control,Viper,24,23,6
31-Mar,6,OUG,Crossroads Strike,Control,Warden,23,17,4
31-Mar,6,OUG,Raid,Control,Abhiz,29,35,7
31-Mar,6,OUG,Raid,Control,Prevail,33,39,5
31-Mar,6,OUG,Raid,Control,Skullguy,26,27,1
31-Mar,6,OUG,Raid,Control,Viper,33,35,10
31-Mar,6,OUG,Raid,Control,Warden,26,31,7
31-Mar,6,XROCK,Combine,HP,Abhiz,27,41,14
31-Mar,6,XROCK,Combine,HP,Prevail,40,38,17
31-Mar,6,XROCK,Combine,HP,Skullguy,45,34,14
31-Mar,6,XROCK,Combine,HP,Viper,36,41,22
31-Mar,6,XROCK,Combine,HP,Warden,48,37,16
31-Mar,6,XROCK,Takeoff,HP,Abhiz,31,32,20
31-Mar,6,XROCK,Takeoff,HP,Prevail,47,34,15
31-Mar,6,XROCK,Takeoff,HP,Skullguy,39,29,16
31-Mar,6,XROCK,Takeoff,HP,Viper,46,37,11
31-Mar,6,XROCK,Takeoff,HP,Warden,45,38,20
31-Mar,6,XROCK,Hacienda,HP,Abhiz,30,48,21
31-Mar,6,XROCK,Hacienda,HP,Prevail,56,53,10
31-Mar,6,XROCK,Hacienda,HP,Skullguy,35,45,17
31-Mar,6,XROCK,Hacienda,HP,Viper,57,47,16
31-Mar,6,XROCK,Hacienda,HP,Warden,41,52,21
31-Mar,6,XROCK,Firing Range,SnD,Abhiz,13,13,2
31-Mar,6,XROCK,Firing Range,SnD,Prevail,14,17,4
31-Mar,6,XROCK,Firing Range,SnD,Skullguy,16,11,2
31-Mar,6,XROCK,Firing Range,SnD,Viper,10,13,4
31-Mar,6,XROCK,Firing Range,SnD,Warden,6,16,5
31-Mar,6,XROCK,Slums,SnD,Abhiz,11,10,4
31-Mar,6,XROCK,Slums,SnD,Prevail,17,13,2
31-Mar,6,XROCK,Slums,SnD,Skullguy,11,11,3
31-Mar,6,XROCK,Slums,SnD,Viper,5,11,5
31-Mar,6,XROCK,Slums,SnD,Warden,8,13,5
31-Mar,6,XROCK,Standoff,Control,Abhiz,31,30,3
31-Mar,6,XROCK,Standoff,Control,Prevail,37,37,5
31-Mar,6,XROCK,Standoff,Control,Skullguy,34,23,8
31-Mar,6,XROCK,Standoff,Control,Viper,32,33,9
31-Mar,6,XROCK,Standoff,Control,Warden,25,37,6
1-Apr,6,Wolves,Hacienda,HP,Abhiz,40,49,19
1-Apr,6,Wolves,Hacienda,HP,Prevail,51,57,15
1-Apr,6,Wolves,Hacienda,HP,Skullguy,49,49,21
1-Apr,6,Wolves,Hacienda,HP,Viper,48,51,18
1-Apr,6,Wolves,Hacienda,HP,Warden,34,58,18
1-Apr,6,Wolves,Arsenal,HP,Abhiz,15,29,11
1-Apr,6,Wolves,Arsenal,HP,Prevail,17,31,7
1-Apr,6,Wolves,Arsenal,HP,Skullguy,20,26,7
1-Apr,6,Wolves,Arsenal,HP,Viper,16,28,9
1-Apr,6,Wolves,Arsenal,HP,Warden,20,35,5
1-Apr,6,Wolves,Combine,HP,Abhiz,19,37,10
1-Apr,6,Wolves,Combine,HP,Prevail,22,41,8
1-Apr,6,Wolves,Combine,HP,Skullguy,28,33,13
1-Apr,6,Wolves,Combine,HP,Viper,23,36,11
1-Apr,6,Wolves,Combine,HP,Warden,21,39,16
1-Apr,6,Wolves,Summit,HP,Abhiz,39,48,16
1-Apr,6,Wolves,Summit,HP,Prevail,36,54,19
1-Apr,6,Wolves,Summit,HP,Skullguy,41,38,19
1-Apr,6,Wolves,Summit,HP,Viper,43,41,24
1-Apr,6,Wolves,Summit,HP,Warden,52,44,19
1-Apr,6,Wolves,Standoff,Control,Abhiz,40,28,6
1-Apr,6,Wolves,Standoff,Control,Prevail,48,33,9
1-Apr,6,Wolves,Standoff,Control,Skullguy,23,25,4
1-Apr,6,Wolves,Standoff,Control,Viper,33,33,7
1-Apr,6,Wolves,Standoff,Control,Warden,26,30,11
1-Apr,6,Wolves,Crossroads Strike,Control,Abhiz,36,40,7
1-Apr,6,Wolves,Crossroads Strike,Control,Prevail,31,37,12
1-Apr,6,Wolves,Crossroads Strike,Control,Skullguy,26,32,9
1-Apr,6,Wolves,Crossroads Strike,Control,Viper,26,38,13
1-Apr,6,Wolves,Crossroads Strike,Control,Warden,37,39,9
1-Apr,6,Wolves,Raid,Control,Abhiz,30,33,9
1-Apr,6,Wolves,Raid,Control,Prevail,42,35,10
1-Apr,6,Wolves,Raid,Control,Skullguy,33,31,12
1-Apr,6,Wolves,Raid,Control,Viper,44,42,12
1-Apr,6,Wolves,Raid,Control,Warden,41,38,15
1-Apr,6,Wolves,Tunisia,SnD,Abhiz,7,11,3
1-Apr,6,Wolves,Tunisia,SnD,Prevail,9,11,0
1-Apr,6,Wolves,Tunisia,SnD,Skullguy,6,9,1
1-Apr,6,Wolves,Tunisia,SnD,Viper,8,11,3
1-Apr,6,Wolves,Tunisia,SnD,Warden,11,10,3
1-Apr,6,Wolves,Meltdown,SnD,Abhiz,10,12,2
1-Apr,6,Wolves,Meltdown,SnD,Prevail,10,13,4
1-Apr,6,Wolves,Meltdown,SnD,Skullguy,8,12,0
1-Apr,6,Wolves,Meltdown,SnD,Viper,17,12,2
1-Apr,6,Wolves,Meltdown,SnD,Warden,9,11,6
4-Apr,6,ELV,Takeoff,HP,Abhiz,48,41,17
4-Apr,6,ELV,Takeoff,HP,Prevail,43,51,23
4-Apr,6,ELV,Takeoff,HP,Skullguy,43,44,20
4-Apr,6,ELV,Takeoff,HP,Viper,60,34,18
4-Apr,6,ELV,Takeoff,HP,Warden,50,41,16
4-Apr,6,ELV,Arsenal,HP,Abhiz,49,42,20
4-Apr,6,ELV,Arsenal,HP,Prevail,42,46,16
4-Apr,6,ELV,Arsenal,HP,Skullguy,45,44,20
4-Apr,6,ELV,Arsenal,HP,Viper,34,38,17
4-Apr,6,ELV,Arsenal,HP,Warden,43,47,18
4-Apr,6,ELV,Combine,HP,Abhiz,23,34,10
4-Apr,6,ELV,Combine,HP,Prevail,25,38,13
4-Apr,6,ELV,Combine,HP,Skullguy,13,37,11
4-Apr,6,ELV,Combine,HP,Viper,44,34,8
4-Apr,6,ELV,Combine,HP,Warden,28,36,10
4-Apr,6,ELV,Standoff,Control,Abhiz,35,24,5
4-Apr,6,ELV,Standoff,Control,Prevail,25,22,5
4-Apr,6,ELV,Standoff,Control,Skullguy,17,17,1
4-Apr,6,ELV,Standoff,Control,Viper,28,19,4
4-Apr,6,ELV,Standoff,Control,Warden,15,19,9
4-Apr,6,ELV,Raid,Control,Abhiz,46,29,4
4-Apr,6,ELV,Raid,Control,Prevail,37,53,9
4-Apr,6,ELV,Raid,Control,Skullguy,31,29,4
4-Apr,6,ELV,Raid,Control,Viper,34,35,13
4-Apr,6,ELV,Raid,Control,Warden,31,39,16
4-Apr,6,ELV,Slums,SnD,Abhiz,14,12,3
4-Apr,6,ELV,Slums,SnD,Prevail,14,12,5
4-Apr,6,ELV,Slums,SnD,Skullguy,10,11,3
4-Apr,6,ELV,Slums,SnD,Viper,15,11,5
4-Apr,6,ELV,Slums,SnD,Warden,12,13,4
4-Apr,6,OUG,Combine,HP,Abhiz,41,40,20
4-Apr,6,OUG,Combine,HP,Prevail,41,43,8
4-Apr,6,OUG,Combine,HP,Skullguy,32,39,20
4-Apr,6,OUG,Combine,HP,Viper,39,45,22
4-Apr,6,OUG,Combine,HP,Warden,48,35,20
4-Apr,6,OUG,Summit,HP,Abhiz,46,40,14
4-Apr,6,OUG,Summit,HP,Prevail,39,47,15
4-Apr,6,OUG,Summit,HP,Skullguy,31,43,18
4-Apr,6,OUG,Summit,HP,Viper,46,49,13
4-Apr,6,OUG,Summit,HP,Warden,42,44,20
4-Apr,6,OUG,Coastal,SnD,Abhiz,10,11,1
4-Apr,6,OUG,Coastal,SnD,Prevail,6,14,2
4-Apr,6,OUG,Coastal,SnD,Skullguy,7,12,2
4-Apr,6,OUG,Coastal,SnD,Viper,13,9,3
4-Apr,6,OUG,Coastal,SnD,Warden,9,12,6
4-Apr,6,OUG,Standoff,Control,Abhiz,47,41,8
4-Apr,6,OUG,Standoff,Control,Prevail,38,33,16
4-Apr,6,OUG,Standoff,Control,Skullguy,34,30,11
4-Apr,6,OUG,Standoff,Control,Viper,41,31,12
4-Apr,6,OUG,Standoff,Control,Warden,28,42,10
7-Apr,7,OUG,Takeoff,HP,Abhiz,46,42,20
7-Apr,7,OUG,Takeoff,HP,Prevail,57,42,15
7-Apr,7,OUG,Takeoff,HP,Skullguy,34,41,21
7-Apr,7,OUG,Takeoff,HP,Viper,44,45,19
7-Apr,7,OUG,Takeoff,HP,Warden,46,42,13
7-Apr,7,OUG,Summit,HP,Abhiz,45,42,10
7-Apr,7,OUG,Summit,HP,Prevail,31,43,15
7-Apr,7,OUG,Summit,HP,Skullguy,38,41,17
7-Apr,7,OUG,Summit,HP,Viper,50,37,10
7-Apr,7,OUG,Summit,HP,Warden,36,39,16
7-Apr,7,OUG,Standoff,Control,Abhiz,36,17,6
7-Apr,7,OUG,Standoff,Control,Prevail,37,29,8
7-Apr,7,OUG,Standoff,Control,Skullguy,26,23,3
7-Apr,7,OUG,Standoff,Control,Viper,30,24,10
7-Apr,7,OUG,Standoff,Control,Warden,15,23,6
7-Apr,7,OUG,Crossroads Strike,Control,Abhiz,30,19,7
7-Apr,7,OUG,Crossroads Strike,Control,Prevail,27,30,9
7-Apr,7,OUG,Crossroads Strike,Control,Skullguy,31,18,7
7-Apr,7,OUG,Crossroads Strike,Control,Viper,37,25,7
7-Apr,7,OUG,Crossroads Strike,Control,Warden,22,26,9
7-Apr,7,OUG,Firing Range,SnD,Abhiz,13,9,1
7-Apr,7,OUG,Firing Range,SnD,Prevail,10,13,3
7-Apr,7,OUG,Firing Range,SnD,Skullguy,10,11,4
7-Apr,7,OUG,Firing Range,SnD,Viper,9,14,3
7-Apr,7,OUG,Firing Range,SnD,Warden,10,12,2
7-Apr,7,OUG,Tunisia,SnD,Abhiz,10,9,5
7-Apr,7,OUG,Tunisia,SnD,Prevail,12,10,6
7-Apr,7,OUG,Tunisia,SnD,Skullguy,19,9,4
7-Apr,7,OUG,Tunisia,SnD,Viper,13,11,3
7-Apr,7,OUG,Tunisia,SnD,Warden,9,11,6
7-Apr,7,XROCK,Summit,HP,Abhiz,33,23,15
7-Apr,7,XROCK,Summit,HP,Prevail,40,25,7
7-Apr,7,XROCK,Summit,HP,Skullguy,28,27,17
7-Apr,7,XROCK,Summit,HP,Viper,49,18,12
7-Apr,7,XROCK,Summit,HP,Warden,32,27,20
7-Apr,7,XROCK,Combine,HP,Abhiz,22,18,13
7-Apr,7,XROCK,Combine,HP,Prevail,25,23,8
7-Apr,7,XROCK,Combine,HP,Skullguy,25,20,19
7-Apr,7,XROCK,Combine,HP,Viper,33,18,7
7-Apr,7,XROCK,Combine,HP,Warden,33,19,15
7-Apr,7,XROCK,Tunisia,SnD,Abhiz,11,12,3
7-Apr,7,XROCK,Tunisia,SnD,Prevail,5,11,4
7-Apr,7,XROCK,Tunisia,SnD,Skullguy,6,11,2
7-Apr,7,XROCK,Tunisia,SnD,Viper,14,10,1
7-Apr,7,XROCK,Tunisia,SnD,Warden,11,11,0
7-Apr,7,XROCK,Raid,Control,Abhiz,28,27,4
7-Apr,7,XROCK,Raid,Control,Prevail,41,34,14
7-Apr,7,XROCK,Raid,Control,Skullguy,25,27,2
7-Apr,7,XROCK,Raid,Control,Viper,33,30,7
7-Apr,7,XROCK,Raid,Control,Warden,25,36,10
7-Apr,7,XROCK,Crossroads Strike,Control,Abhiz,29,10,7
7-Apr,7,XROCK,Crossroads Strike,Control,Prevail,20,19,8
7-Apr,7,XROCK,Crossroads Strike,Control,Skullguy,19,12,4
7-Apr,7,XROCK,Crossroads Strike,Control,Viper,27,16,7
7-Apr,7,XROCK,Crossroads Strike,Control,Warden,24,13,7
7-Apr,7,XROCK,Meltdown,SnD,Abhiz,12,8,0
7-Apr,7,XROCK,Meltdown,SnD,Prevail,10,7,1
7-Apr,7,XROCK,Meltdown,SnD,Skullguy,6,9,7
7-Apr,7,XROCK,Meltdown,SnD,Viper,17,4,3
7-Apr,7,XROCK,Meltdown,SnD,Warden,14,10,4
8-Apr,7,Wolves,Summit,HP,Abhiz,40,40,19
8-Apr,7,Wolves,Summit,HP,Prevail,3,41,14
8-Apr,7,Wolves,Summit,HP,Skullguy,47,34,23
8-Apr,7,Wolves,Summit,HP,Viper,50,34,12
8-Apr,7,Wolves,Summit,HP,Warden,32,37,15
8-Apr,7,Wolves,Hacienda,HP,Abhiz,32,47,16
8-Apr,7,Wolves,Hacienda,HP,Prevail,35,47,13
8-Apr,7,Wolves,Hacienda,HP,Skullguy,41,43,15
8-Apr,7,Wolves,Hacienda,HP,Viper,37,41,15
8-Apr,7,Wolves,Hacienda,HP,Warden,39,50,16
8-Apr,7,Wolves,Crossroads Strike,Control,Abhiz,25,26,2
8-Apr,7,Wolves,Crossroads Strike,Control,Prevail,19,30,6
8-Apr,7,Wolves,Crossroads Strike,Control,Skullguy,25,24,5
8-Apr,7,Wolves,Crossroads Strike,Control,Viper,29,30,10
8-Apr,7,Wolves,Crossroads Strike,Control,Warden,27,25,7
8-Apr,7,Wolves,Raid,Control,Abhiz,22,27,5
8-Apr,7,Wolves,Raid,Control,Prevail,31,26,7
8-Apr,7,Wolves,Raid,Control,Skullguy,21,23,2
8-Apr,7,Wolves,Raid,Control,Viper,28,28,9 
8-Apr,7,Wolves,Raid,Control,Warden,24,34,6
8-Apr,7,Wolves,Firing Range,SnD,Abhiz,7,10,0
8-Apr,7,Wolves,Firing Range,SnD,Prevail,10,11,3
8-Apr,7,Wolves,Firing Range,SnD,Skullguy,9,11,3
8-Apr,7,Wolves,Firing Range,SnD,Viper,7,12,1
8-Apr,7,Wolves,Firing Range,SnD,Warden,9,13,3
8-Apr,7,Wolves,Coastal,SnD,Abhiz,6,15,2
8-Apr,7,Wolves,Coastal,SnD,Prevail,14,13,6
8-Apr,7,Wolves,Coastal,SnD,Skullguy,12,11,2
8-Apr,7,Wolves,Coastal,SnD,Viper,10,12,4
8-Apr,7,Wolves,Coastal,SnD,Warden,17,12,4
8-Apr,7,GAL,Hacienda,HP,Abhiz,40,29,27
8-Apr,7,GAL,Hacienda,HP,Prevail,35,29,15
8-Apr,7,GAL,Hacienda,HP,Skullguy,30,31,24
8-Apr,7,GAL,Hacienda,HP,Viper,48,24,20
8-Apr,7,GAL,Hacienda,HP,Warden,44,28,16
8-Apr,7,GAL,Arsenal,HP,Abhiz,27,40,15
8-Apr,7,GAL,Arsenal,HP,Prevail,31,39,13
8-Apr,7,GAL,Arsenal,HP,Skullguy,24,34,7
8-Apr,7,GAL,Arsenal,HP,Viper,33,41,24
8-Apr,7,GAL,Arsenal,HP,Warden,28,45,16
8-Apr,7,GAL,Raid,Control,Abhiz,27,26,7
8-Apr,7,GAL,Raid,Control,Prevail,32,22,8
8-Apr,7,GAL,Raid,Control,Skullguy,14,20,9
8-Apr,7,GAL,Raid,Control,Viper,37,24,6
8-Apr,7,GAL,Raid,Control,Warden,35,23,4
8-Apr,7,GAL,Standoff,Control,Abhiz,42,42,7
8-Apr,7,GAL,Standoff,Control,Prevail,39,42,14
8-Apr,7,GAL,Standoff,Control,Skullguy,39,32,12
8-Apr,7,GAL,Standoff,Control,Viper,39,32,11
8-Apr,7,GAL,Standoff,Control,Warden,35,35,25
8-Apr,7,GAL,Meltdown,SnD,Abhiz,12,10,6
8-Apr,7,GAL,Meltdown,SnD,Prevail,6,12,3
8-Apr,7,GAL,Meltdown,SnD,Skullguy,16,9,5
8-Apr,7,GAL,Meltdown,SnD,Viper,10,12,3
8-Apr,7,GAL,Meltdown,SnD,Warden,10,10,5
8-Apr,7,GAL,Firing Range,SnD,Abhiz,15,12,0
8-Apr,7,GAL,Firing Range,SnD,Prevail,15,9,5
8-Apr,7,GAL,Firing Range,SnD,Skullguy,4,11,3
8-Apr,7,GAL,Firing Range,SnD,Viper,13,11,5
8-Apr,7,GAL,Firing Range,SnD,Warden,16,11,4
9-Apr,7,Wolves,Summit,HP,Abhiz,42,37,15
9-Apr,7,Wolves,Summit,HP,Prevail,40,34,9
9-Apr,7,Wolves,Summit,HP,Skullguy,39,35,20
9-Apr,7,Wolves,Summit,HP,Viper,45,31,24
9-Apr,7,Wolves,Summit,HP,Warden,35,43,14
9-Apr,7,Wolves,Combine,HP,Abhiz,61,41,18
9-Apr,7,Wolves,Combine,HP,Prevail,42,44,16
9-Apr,7,Wolves,Combine,HP,Skullguy,43,42,22
9-Apr,7,Wolves,Combine,HP,Viper,39,46,25
9-Apr,7,Wolves,Combine,HP,Warden,53,43,19
9-Apr,7,Wolves,Crossroads Strike,Control,Abhiz,11,26,6
9-Apr,7,Wolves,Crossroads Strike,Control,Prevail,20,23,4
9-Apr,7,Wolves,Crossroads Strike,Control,Skullguy,17,22,3
9-Apr,7,Wolves,Crossroads Strike,Control,Viper,16,23,5
9-Apr,7,Wolves,Crossroads Strike,Control,Warden,13,26,7
9-Apr,7,Wolves,Standoff,Control,Abhiz,39,29,11
9-Apr,7,Wolves,Standoff,Control,Prevail,33,39,13
9-Apr,7,Wolves,Standoff,Control,Skullguy,25,30,0
9-Apr,7,Wolves,Standoff,Control,Viper,34,26,10
9-Apr,7,Wolves,Standoff,Control,Warden,26,28,5
9-Apr,7,Wolves,Meltdown,SnD,Abhiz,10,8,1
9-Apr,7,Wolves,Meltdown,SnD,Prevail,18,6,3
9-Apr,7,Wolves,Meltdown,SnD,Skullguy,6,8,9
9-Apr,7,Wolves,Meltdown,SnD,Viper,12,8,2
9-Apr,7,Wolves,Meltdown,SnD,Warden,7,10,2
9-Apr,7,ALU,Arsenal,HP,Abhiz,34,35,11
9-Apr,7,ALU,Arsenal,HP,Prevail,31,35,23
9-Apr,7,ALU,Arsenal,HP,Skullguy,34,36,16
9-Apr,7,ALU,Arsenal,HP,Viper,32,37,8
9-Apr,7,ALU,Arsenal,HP,Warden,28,39,12
9-Apr,7,ALU,Takeoff,HP,Abhiz,34,47,22
9-Apr,7,ALU,Takeoff,HP,Prevail,41,44,16
9-Apr,7,ALU,Takeoff,HP,Skullguy,37,45,21
9-Apr,7,ALU,Takeoff,HP,Viper,52,44,16
9-Apr,7,ALU,Takeoff,HP,Warden,49,51,26
9-Apr,7,ALU,Slums,SnD,Abhiz,15,12,2
9-Apr,7,ALU,Slums,SnD,Prevail,4,15,5
9-Apr,7,ALU,Slums,SnD,Skullguy,21,11,3
9-Apr,7,ALU,Slums,SnD,Viper,12,12,5
9-Apr,7,ALU,Slums,SnD,Warden,14,13,4
9-Apr,7,ALU,Firing Range,SnD,Abhiz,11,13,2
9-Apr,7,ALU,Firing Range,SnD,Prevail,14,12,2
9-Apr,7,ALU,Firing Range,SnD,Skullguy,7,12,5
9-Apr,7,ALU,Firing Range,SnD,Viper,14,12,4
9-Apr,7,ALU,Firing Range,SnD,Warden,8,13,1
12-Apr,7,ALU,Takeoff,HP,Abhiz,46,49,24
12-Apr,7,ALU,Takeoff,HP,Prevail,50,53,19
12-Apr,7,ALU,Takeoff,HP,SKullguy,45,52,27
12-Apr,7,ALU,Takeoff,HP,Viper,48,56,22
12-Apr,7,ALU,Takeoff,HP,Warden,52,50,18
12-Apr,7,ALU,Hacienda,HP,Abhiz,52,52,19
12-Apr,7,ALU,Hacienda,HP,Prevail,48,57,26
12-Apr,7,ALU,Hacienda,HP,Skullguy,49,49,18
12-Apr,7,ALU,Hacienda,HP,Viper,56,58,20
12-Apr,7,ALU,Hacienda,HP,Warden,52,52,19
11-Apr,7,ELV,Standoff,Control,Abhiz,34,26,7
11-Apr,7,ELV,Standoff,Control,Prevail,35,32,8
11-Apr,7,ELV,Standoff,Control,Skullguy,28,24,5
11-Apr,7,ELV,Standoff,Control,Viper,28,26,8
11-Apr,7,ELV,Standoff,Control,Warden,34,28,7
11-Apr,7,ELV,Crossroads Strike,Control,Abhiz,36,26,3
11-Apr,7,ELV,Crossroads Strike,Control,Prevail,33,32,11
11-Apr,7,ELV,Crossroads Strike,Control,Skullguy,44,26,2
11-Apr,7,ELV,Crossroads Strike,Control,Viper,24,35,13
11-Apr,7,ELV,Crossroads Strike,Control,Warden,33,34,7
11-Apr,7,ELV,Summit,HP,Abhiz,45,39,13
11-Apr,7,ELV,Summit,HP,Prevail,37,39,12
11-Apr,7,ELV,Summit,HP,Skullguy,33,38,21
11-Apr,7,ELV,Summit,HP,Viper,37,37,15
11-Apr,7,ELV,Summit,HP,Warden,35,41,12
11-Apr,7,ELV,Combine,HP,Abhiz,39,37,21
11-Apr,7,ELV,Combine,HP,Prevail,55,38,26
11-Apr,7,ELV,Combine,HP,Skullguy,46,33,28
11-Apr,7,ELV,Combine,HP,Viper,53,42,30
11-Apr,7,ELV,Combine,HP,Warden,40,42,19
11-Apr,7,ELV,Meltdown,SnD,Abhiz,1,12,0
11-Apr,7,ELV,Meltdown,SnD,Prevail,11,12,5
11-Apr,7,ELV,Meltdown,SnD,Skullguy,9,13,1
11-Apr,7,ELV,Meltdown,SnD,Viper,9,9,4
11-Apr,7,ELV,Meltdown,SnD,Warden,8,10,3
11-Apr,7,ELV,Tunisia,SnD,Abhiz,9,11,0
11-Apr,7,ELV,Tunisia,SnD,Prevail,18,11,1
11-Apr,7,ELV,Tunisia,SnD,Skullguy,7,13,1
11-Apr,7,ELV,Tunisia,SnD,Viper,11,11,1
11-Apr,7,ELV,Tunisia,SnD,Warden,3,13,6
14-Apr,8,Q9,Takeoff,HP,Abhiz,56,34,15
14-Apr,8,Q9,Takeoff,HP,Prevail,37,42,25
14-Apr,8,Q9,Takeoff,HP,Skullguy,42,38,14
14-Apr,8,Q9,Takeoff,HP,Viper,48,37,24
14-Apr,8,Q9,Takeoff,HP,Warden,44,38,20
14-Apr,8,Q9,Arsenal,HP,Abhiz,33,32,19
14-Apr,8,Q9,Arsenal,HP,Prevail,23,34,10
14-Apr,8,Q9,Arsenal,HP,Skullguy,34,30,13
14-Apr,8,Q9,Arsenal,HP,Viper,37,33,14
14-Apr,8,Q9,Arsenal,HP,Warden,26,40,10
14-Apr,8,Q9,Standoff,Control,Abhiz,27,28,7
14-Apr,8,Q9,Standoff,Control,Prevail,29,35,11
14-Apr,8,Q9,Standoff,Control,Skullguy,24,35,8
14-Apr,8,Q9,Standoff,Control,Viper,32,26,7
14-Apr,8,Q9,Standoff,Control,Warden,34,35,3
14-Apr,8,Q9,Raid,Control,Abhiz,31,25,3
14-Apr,8,Q9,Raid,Control,Prevail,35,28,13
14-Apr,8,Q9,Raid,Control,Skullguy,30,16,10
14-Apr,8,Q9,Raid,Control,Viper,29,25,9
14-Apr,8,Q9,Raid,Control,Warden,18,30,17
14-Apr,8,Q9,Tunisia,SnD,Abhiz,9,12,0
14-Apr,8,Q9,Tunisia,SnD,Prevail,10,15,3
14-Apr,8,Q9,Tunisia,SnD,Skullguy,8,14,6
14-Apr,8,Q9,Tunisia,SnD,Viper,19,10,0
14-Apr,8,Q9,Tunisia,SnD,Warden,13,12,4
14-Apr,8,Q9,Firing Range,SnD,Abhiz,8,11,0
14-Apr,8,Q9,Firing Range,SnD,Prevail,7,9,6
14-Apr,8,Q9,Firing Range,SnD,Skullguy,13,7,2
14-Apr,8,Q9,Firing Range,SnD,Viper,5,6,1
14-Apr,8,Q9,Firing Range,SnD,Warden,12,12,8
14-Apr,8,OUG,Combine,HP,Abhiz,45,38,10
14-Apr,8,OUG,Combine,HP,Prevail,38,44,15
14-Apr,8,OUG,Combine,HP,Skullguy,24,37,20
14-Apr,8,OUG,Combine,HP,Viper,38,44,15
14-Apr,8,OUG,Combine,HP,Warden,34,42,13
14-Apr,8,OUG,Summit,HP,Abhiz,48,38,15
14-Apr,8,OUG,Summit,HP,Prevail,29,46,17
14-Apr,8,OUG,Summit,HP,Skullguy,38,35,17
14-Apr,8,OUG,Summit,HP,Viper,38,42,13
14-Apr,8,OUG,Summit,HP,Warden,27,46,19
14-Apr,8,OUG,Standoff,Control,Abhiz,37,42,5
14-Apr,8,OUG,Standoff,Control,Prevail,36,43,15
14-Apr,8,OUG,Standoff,Control,Skullguy,41,37,10
14-Apr,8,OUG,Standoff,Control,Viper,35,38,15
14-Apr,8,OUG,Standoff,Control,Warden,36,35,13
14-Apr,8,OUG,Crossroads Strike,Control,Abhiz,29,15,10
14-Apr,8,OUG,Crossroads Strike,Control,Prevail,20,23,5
14-Apr,8,OUG,Crossroads Strike,Control,Skullguy,18,20,11
14-Apr,8,OUG,Crossroads Strike,Control,Viper,26,19,6
14-Apr,8,OUG,Crossroads Strike,Control,Warden,27,22,7
14-Apr,8,OUG,Coastal,SnD,Abhiz,10,8,1
14-Apr,8,OUG,Coastal,SnD,Prevail,8,11,4
14-Apr,8,OUG,Coastal,SnD,Skullguy,8,8,0
14-Apr,8,OUG,Coastal,SnD,Viper,12,10,7
14-Apr,8,OUG,Coastal,SnD,Warden,14,5,4
14-Apr,8,OUG,Slums,SnD,Abhiz,15,5,1
14-Apr,8,OUG,Slums,SnD,Prevail,7,8,4
14-Apr,8,OUG,Slums,SnD,Skullguy,5,10,4
14-Apr,8,OUG,Slums,SnD,Viper,4,7,1
14-Apr,8,OUG,Slums,SnD,Warden,11,8,3
